,Component,E_F [kW],E_P [kW],E_D [kW],E_L [kW],ε [%],y [%],y* [%]
0,AC,29695.490879623896,27594.26918920808,2101.2216904158145,0.0,92.92410521538943,2.466356097106494,5.310397123744493
1,APH,16240.98812689747,13683.489689563457,2557.498437334012,0.0,84.25281505440904,3.001921164734802,6.463540904582962
4,CC,84181.39702106694,58783.59480335212,25397.802217714816,0.0,69.82967363756288,29.81124011734803,64.18761830870598
5,DRUM,18113.540975538537,18104.37480558285,9.166169955685735,0.0,99.94939603488868,0.010758997615737597,0.023165572100483187
2,EV,15168.289108185741,10576.869135973502,4591.41997221224,0.0,69.73013937521519,5.389282194493836,11.603851000373906
6,EXP,62690.50113651939,59695.49087962392,2995.0102568954753,0.0,95.22254535759201,3.5154604779131433,7.569260267180841
3,PH,4128.544571871533,2212.5925779499917,1915.951993921541,0.0,53.592556394443605,2.2488916345788414,4.842166823311269
TOT,TOT,85195.38978499286,42753.64646216909,39568.07073844961,2873.6725843741615,50.18305165345945,46.44391068379089,99.99999999999991
