{
    "components": {
        "Compressor": {
            "COMP": {
                "name": "COMP",
                "type": "Compressor",
                "parameters": {
                    "P": 894071.199189128,
                    "pr": 41.81818181818181,
                    "dp": -22.45,
                    "eta_s": 0.7999999999999957
                },
                "exergy_results": {
                    "E_F": 894071.199189128,
                    "E_P": 768252.069662529,
                    "E_D": 125819.12952659896,
                    "epsilon": 0.8592739262368481,
                    "y": 0.07747929337233672,
                    "y_star": 0.11054293168210579
                }
            },
            "FAN": {
                "name": "FAN",
                "type": "Compressor",
                "parameters": {
                    "P": 705412.8114137682,
                    "pr": 1.0296150049358341,
                    "dp": -0.030000000000000027,
                    "eta_s": 0.8499999999999969
                },
                "exergy_results": {
                    "E_F": 705412.8114137682,
                    "E_P": 600557.249144469,
                    "E_D": 104855.56226929917,
                    "epsilon": 0.8513557443631472,
                    "y": 0.06456994974732247,
                    "y_star": 0.09212463398877281
                }
            }
        },
        "HeatExchanger": {
            "COND": {
                "name": "COND",
                "type": "HeatExchanger",
                "parameters": {
                    "Q": -2105685.164110169,
                    "kA": 269688.84860808996,
                    "td_log": 7.807831784584228,
                    "ttd_u": 11.510002463749004,
                    "ttd_l": 4.9999999999907345,
                    "ttd_min": 4.9999999999907345,
                    "pr1": 0.9978260869565218,
                    "pr2": 0.9900990099009901,
                    "dp1": 0.05000000000000071,
                    "dp2": 0.04999999999999982,
                    "zeta1": 13103.101849527015,
                    "zeta2": 59235.32451776563,
                    "eff_cold": 0.8113761568424391,
                    "eff_hot": 0.9635522323136793,
                    "eff_max": 0.9635522323136793
                },
                "exergy_results": {
                    "E_F": 575346.583808972,
                    "E_P": 483864.51637980994,
                    "E_D": 91482.0674291621,
                    "epsilon": 0.8409965923087219,
                    "y": 0.05633456508021301,
                    "y_star": 0.08037486801895075
                }
            },
            "EVA": {
                "name": "EVA",
                "type": "HeatExchanger",
                "parameters": {
                    "Q": -1211613.964920998,
                    "kA": 233997.92339579048,
                    "td_log": 5.177883407416574,
                    "ttd_u": 5.0,
                    "ttd_l": 5.3599365985077725,
                    "ttd_min": 5.0,
                    "pr1": 0.9712368168744008,
                    "pr2": 0.9166666666666667,
                    "dp1": 0.030000000000000027,
                    "dp2": 0.04999999999999993,
                    "zeta1": 0.07375179382520028,
                    "zeta2": 227.81922333028336,
                    "eff_cold": 0.9626483444458241,
                    "eff_hot": 0.471796816049079,
                    "eff_max": 0.9626483444458241
                },
                "exergy_results": {
                    "E_F": 648857.6330202497,
                    "E_P": 1796.1954663229008,
                    "E_D": 647061.4375539267,
                    "epsilon": 0.002768242793048633,
                    "y": 0.3984597822191101,
                    "y_star": 0.5684991507632978
                }
            }
        },
        "Motor": {
            "MOT1": {
                "name": "MOT1",
                "type": "Motor",
                "parameters": {
                    "eta": 0.9849999999999999,
                    "delta_power": 10742.327077367343
                },
                "exergy_results": {
                    "E_F": 716155.13849115,
                    "E_P": 705412.8114137826,
                    "E_D": 10742.327077367343,
                    "epsilon": 0.9849999999999999,
                    "y": 0.0066151142060872845,
                    "y_star": 0.009438058685418029
                }
            },
            "MOT2": {
                "name": "MOT2",
                "type": "Motor",
                "parameters": {
                    "eta": 0.985,
                    "delta_power": 13615.297449580627
                },
                "exergy_results": {
                    "E_F": 907686.4966387076,
                    "E_P": 894071.199189127,
                    "E_D": 13615.297449580627,
                    "epsilon": 0.985,
                    "y": 0.008384286470720433,
                    "y_star": 0.011962210368673374
                }
            },
            "MOT3": {
                "name": "MOT3",
                "type": "Motor",
                "parameters": {
                    "eta": 0.985,
                    "delta_power": 0.9732448385056642
                },
                "exergy_results": {
                    "E_F": 64.88298923371072,
                    "E_P": 63.90974439520505,
                    "E_D": 0.9732448385056642,
                    "epsilon": 0.985,
                    "y": 5.993231923429534e-07,
                    "y_star": 8.550793356915531e-07
                }
            }
        },
        "Pump": {
            "PUMP": {
                "name": "PUMP",
                "type": "Pump",
                "parameters": {
                    "P": 63.90974439447746,
                    "pr": 1.01,
                    "dp": -0.04999999999999982,
                    "eta_s": 0.8000000000054647
                },
                "exergy_results": {
                    "E_F": 63.90974439447746,
                    "E_P": 53.362739583571965,
                    "E_D": 10.547004810905491,
                    "epsilon": 0.834970317737386,
                    "y": 6.494834950919268e-06,
                    "y_star": 9.266451267382905e-06
                }
            }
        },
        "Valve": {
            "VAL": {
                "name": "VAL",
                "type": "Valve",
                "parameters": {
                    "pr": 0.026143790849673203,
                    "dp": 22.349999999999998,
                    "zeta": 334364.3454262258
                },
                "exergy_results": {
                    "E_F": 144605.1019777764,
                    "E_P": NaN,
                    "E_D": 144605.1019777764,
                    "epsilon": NaN,
                    "y": 0.08904767630667983,
                    "y_star": 0.12704802496216547
                }
            }
        },
        "CycleCloser": {
            "cc": {
                "name": "cc",
                "type": "CycleCloser",
                "parameters": {
                    "mass_deviation": 0.0,
                    "fluid_deviation": 0.0
                },
                "exergy_results": {
                    "E_F": null,
                    "E_P": null,
                    "E_D": null,
                    "epsilon": null,
                    "y": null,
                    "y_star": null
                }
            }
        },
        "PowerBus": {
            "electricity distribution": {
                "name": "electricity distribution",
                "type": "PowerBus",
                "parameters": {},
                "exergy_results": {
                    "E_F": NaN,
                    "E_P": NaN,
                    "E_D": NaN,
                    "epsilon": NaN,
                    "y": NaN,
                    "y_star": NaN
                }
            }
        }
    },