{
    "components": {
        "Compressor": {
            "COMP": {
                "name": "COMP",
                "type": "Compressor",
                "parameters": {
                    "P": 894071.1991891236,
                    "pr": 41.81818181818181,
                    "dp": -22.45,
                    "eta_s": 0.8000000000000003
                },
                "exergy_results": {
                    "E_F": 894071.1991891236,
                    "E_P": 768252.0696625289,
                    "E_D": 125819.12952659465,
                    "epsilon": 0.8592739262368522,
                    "y": 0.07747929337233252,
                    "y_star": 0.1105429316820974
                }
            },
            "FAN": {
                "name": "FAN",
                "type": "Compressor",
                "parameters": {
                    "P": 705412.8114138048,
                    "pr": 1.0296150049358341,
                    "dp": -0.030000000000000027,
                    "eta_s": 0.8499999999999979
                },
                "exergy_results": {
                    "E_F": 705412.8114138048,
                    "E_P": 600557.2491443859,
                    "E_D": 104855.56226941885,
                    "epsilon": 0.8513557443629853,
                    "y": 0.06456994974739487,
                    "y_star": 0.09212463398887413
                }
            }
        },
        "HeatExchanger": {
            "COND": {
                "name": "COND",
                "type": "HeatExchanger",
                "parameters": {
                    "Q": -2105685.164110169,
                    "kA": 269688.8486080914,
                    "td_log": 7.807831784584185,
                    "ttd_u": 11.51000246374889,
                    "ttd_l": 4.9999999999907345,
                    "ttd_min": 4.9999999999907345,
                    "pr1": 0.9978260869565218,
                    "pr2": 0.9900990099009901,
                    "dp1": 0.05000000000000071,
                    "dp2": 0.04999999999999982,
                    "zeta1": 13103.101849526998,
                    "zeta2": 59235.32451776563,
                    "eff_cold": 0.8113761568424283,
                    "eff_hot": 0.9635522323136791,
                    "eff_max": 0.9635522323136791
                },
                "exergy_results": {
                    "E_F": 575346.5838089722,
                    "E_P": 483864.51637980994,
                    "E_D": 91482.06742916221,
                    "epsilon": 0.8409965923087217,
                    "y": 0.05633456508021196,
                    "y_star": 0.08037486801894751
                }
            },
            "EVA": {
                "name": "EVA",
                "type": "HeatExchanger",
                "parameters": {
                    "Q": -1211613.964921002,
                    "kA": 233997.92339578984,
                    "td_log": 5.177883407416605,
                    "ttd_u": 5.000000000000057,
                    "ttd_l": 5.3599365985077725,
                    "ttd_min": 5.000000000000057,
                    "pr1": 0.9712368168744008,
                    "pr2": 0.9166666666666667,
                    "dp1": 0.030000000000000027,
                    "dp2": 0.04999999999999993,
                    "zeta1": 0.07375179382521406,
                    "zeta2": 227.8192233302828,
                    "eff_cold": 0.9626483444458251,
                    "eff_hot": 0.47179681604910584,
                    "eff_max": 0.9626483444458251
                },
                "exergy_results": {
                    "E_F": 648857.6330201662,
                    "E_P": 1796.1954663080774,
                    "E_D": 647061.4375538582,
                    "epsilon": 0.0027682427930261436,
                    "y": 0.39845978221905987,
                    "y_star": 0.568499150763214
                }
            }
        },
        "Motor": {
            "MOT1": {
                "name": "MOT1",
                "type": "Motor",
                "parameters": {
                    "eta": 0.9850000000000002,
                    "delta_power": 10742.327077367692
                },
                "exergy_results": {
                    "E_F": 716155.138491187,
                    "E_P": 705412.8114138193,
                    "E_D": 10742.327077367692,
                    "epsilon": 0.9850000000000002,
                    "y": 0.006615114206087367,
                    "y_star": 0.009438058685417944
                }
            },
            "MOT2": {
                "name": "MOT2",
                "type": "Motor",
                "parameters": {
                    "eta": 0.9850000000000001,
                    "delta_power": 13615.29744958051
                },
                "exergy_results": {
                    "E_F": 907686.4966387034,
                    "E_P": 894071.1991891229,
                    "E_D": 13615.29744958051,
                    "epsilon": 0.9850000000000001,
                    "y": 0.008384286470720193,
                    "y_star": 0.011962210368672775
                }
            },
            "MOT3": {
                "name": "MOT3",
                "type": "Motor",
                "parameters": {
                    "eta": 0.985,
                    "delta_power": 0.9732448385056642
                },
                "exergy_results": {
                    "E_F": 64.88298923371072,
                    "E_P": 63.90974439520505,
                    "E_D": 0.9732448385056642,
                    "epsilon": 0.985,
                    "y": 5.993231923429414e-07,
                    "y_star": 8.550793356915177e-07
                }
            }
        },
        "Pump": {
            "PUMP": {
                "name": "PUMP",
                "type": "Pump",
                "parameters": {
                    "P": 63.90974439447746,
                    "pr": 1.01,
                    "dp": -0.04999999999999982,
                    "eta_s": 0.8000000000054647
                },
                "exergy_results": {
                    "E_F": 63.90974439447746,
                    "E_P": 53.362739583571965,
                    "E_D": 10.547004810905491,
                    "epsilon": 0.834970317737386,
                    "y": 6.4948349509191375e-06,
                    "y_star": 9.26645126738252e-06
                }
            }
        },
        "Valve": {
            "VAL": {
                "name": "VAL",
                "type": "Valve",
                "parameters": {
                    "pr": 0.026143790849673203,
                    "dp": 22.349999999999998,
                    "zeta": 334364.3454262253
                },
                "exergy_results": {
                    "E_F": 144605.1019777765,
                    "E_P": NaN,
                    "E_D": 144605.1019777765,
                    "epsilon": NaN,
                    "y": 0.0890476763066781,
                    "y_star": 0.1270480249621603
                }
            }
        },
        "CycleCloser": {
            "cc": {
                "name": "cc",
                "type": "CycleCloser",
                "parameters": {
                    "mass_deviation": 0.0,
                    "fluid_deviation": 0.0
                },
                "exergy_results": {
                    "E_F": null,
                    "E_P": null,
                    "E_D": null,
                    "epsilon": null,
                    "y": null,
                    "y_star": null
                }
            }
        },
        "PowerBus": {
            "electricity distribution": {
                "name": "electricity distribution",
                "type": "PowerBus",
                "parameters": {},
                "exergy_results": {
                    "E_F": NaN,
                    "E_P": NaN,
                    "E_D": NaN,
                    "epsilon": NaN,
                    "y": NaN,